letter,weight_I,relative_weight_I,weight_II,relative_weight_II,weight_III,relative_weight_III,weight_IV,relative_weight_IV,weight,relative_weight,center_y,center_x,relative_center_y,relative_center_x,inertia_y,inertia_x,relative_inertia_y,relative_inertia_x
êíÄ,83,0.32421875,123,0.48046875,107,0.41796875,103,0.40234375,416,0.40545808966861596,19.045673076923077,13.766826923076923,0.48772089397089397,0.4910318047337278,26004.382211538454,51478.1322115384,0.1502657071210386,0.2974651685670442
êíÅ,161,0.543918918918919,122,0.41216216216216217,128,0.43243243243243246,128,0.43243243243243246,539,0.4552364864864865,17.584415584415584,14.541743970315398,0.4606782106782107,0.43683045065533543,43647.81076066787,57228.90909090914,0.1502397787446273,0.19698716819406906
êíÇ,113,0.3704918032786885,88,0.28852459016393445,25,0.08196721311475409,164,0.5377049180327869,390,0.3194103194103194,18.3,16.861538461538462,0.48055555555555557,0.49567307692307694,27520.523076923033,36513.900000000045,0.18093703535123626,0.24006508875739674
êíÉ,26,0.35135135135135137,55,0.7432432432432432,64,0.8648648648648649,21,0.28378378378378377,166,0.5608108108108109,17.753012048192772,3.3373493975903616,0.46536144578313254,0.3339070567986231,487.1084337349404,19010.873493975916,0.01767703707849254,0.6898996042232515
êíÑ,155,0.46686746987951805,108,0.3253012048192771,81,0.24397590361445784,165,0.49698795180722893,509,0.3827067669172932,17.978388998035363,15.455795677799607,0.4588753783252801,0.42517046111175316,51724.2554027505,65152.76227897801,0.19964511254299042,0.2514764196485964
êíÖ,136,0.4503311258278146,46,0.152317880794702,93,0.3079470198675497,161,0.5331125827814569,436,0.36062861869313484,20.80504587155963,12.830275229357799,0.5211854176726218,0.39434250764525997,33265.44036697247,56036.428899082624,0.1749928476505159,0.2947796318653871
êíÜ,103,0.3301282051282051,114,0.36538461538461536,121,0.38782051282051283,109,0.34935897435897434,447,0.3581730769230769,19.002237136465325,15.53020134228188,0.4737430825385612,0.4687161723316735,50077.34228187924,64634.99776286346,0.2506260592960239,0.3234839159540534
êíá,36,0.18556701030927836,102,0.5257731958762887,0,0.0,85,0.4381443298969072,223,0.287001287001287,13.914798206278027,14.192825112107624,0.35874439461883406,0.6596412556053812,4770.708520179377,29679.381165919287,0.09593413340665159,0.5968224007303442
êíà,96,0.41025641025641024,59,0.25213675213675213,110,0.4700854700854701,109,0.4658119658119658,374,0.3995726495726496,20.78342245989305,11.096256684491978,0.5206163805235013,0.4389676819344338,15330.53475935828,48497.45721925139,0.10960089478794274,0.346717501352994
êíâ,100,0.42735042735042733,103,0.44017094017094016,76,0.3247863247863248,101,0.43162393162393164,380,0.405982905982906,17.560526315789474,11.68157894736842,0.435803324099723,0.46441647597254,15434.471052631558,48841.60789473684,0.10688691864703295,0.33823828181950716
êíä,119,0.4075342465753425,12,0.0410958904109589,92,0.3150684931506849,117,0.4006849315068493,340,0.2905982905982906,20.25294117647059,14.458823529411765,0.506656346749226,0.4640973630831643,14562.423529411779,44624.247058823574,0.12597252188072472,0.38602289843272986
êíã,82,0.36936936936936937,101,0.45495495495495497,102,0.4594594594594595,104,0.46846846846846846,389,0.4380630630630631,18.727506426735218,12.133676092544988,0.49243073407597826,0.48407287358891254,14285.048843187627,41781.11568123398,0.09440228945875079,0.27610916978630845
êíå,166,0.5496688741721855,22,0.0728476821192053,111,0.3675496688741722,154,0.5099337748344371,453,0.3746898263027295,20.65783664459161,12.487858719646798,0.5173114906471477,0.38292862398822664,30477.18322295804,55735.96467991168,0.14851777077495645,0.2716058490607706
êíç,120,0.4819277108433735,62,0.24899598393574296,44,0.17670682730923695,124,0.4979919678714859,350,0.35035035035035034,18.12857142857143,12.48,0.4757936507936508,0.44153846153846155,17619.36,40599.21428571421,0.14383151020408164,0.33142215743440173
êíé,121,0.327027027027027,176,0.4756756756756757,194,0.5243243243243243,172,0.4648648648648649,663,0.4473684210526316,19.764705882352942,19.65158371040724,0.49380804953560375,0.5040968570380335,70380.51583710405,90395.29411764677,0.16011255533739652,0.2056452891756397
êíè,81,0.4175257731958763,102,0.5257731958762887,81,0.4175257731958763,102,0.5257731958762887,366,0.47104247104247104,18.05191256830601,10.601092896174864,0.4736642380085003,0.48005464480874316,12179.759562841526,39068.01366120223,0.09092358358596499,0.2916481058049078
êíê,107,0.3333333333333333,88,0.27414330218068533,85,0.26479750778816197,169,0.5264797507788161,449,0.34887334887334887,19.975501113585747,14.587973273942094,0.4993552924627828,0.42462416481069043,40548.7750556793,61284.73051225027,0.20113379921567504,0.30399021092281425
êíë,101,0.48325358851674644,46,0.22009569377990432,60,0.28708133971291866,96,0.45933014354066987,303,0.3624401913875598,20.897689768976896,10.594059405940595,0.5377753991615377,0.45685997171145687,12435.069306930698,33473.828382838285,0.13544499239650468,0.36460290802468476
êíí,58,0.24786324786324787,95,0.405982905982906,123,0.5256410256410257,89,0.3803418803418803,365,0.38995726495726496,20.161643835616438,11.213698630136987,0.504253785147801,0.44407385348421685,15407.331506849314,54111.46301369861,0.11564895107411757,0.40616598246349117
êíì,197,0.5197889182058048,39,0.10290237467018469,81,0.21372031662269128,168,0.44327176781002636,485,0.3197099538562953,19.1340206185567,18.49484536082474,0.5037227949599083,0.4373711340206185,60391.23711340213,49348.28865979384,0.2567381745707392,0.20979185316098986
êíî,97,0.4199134199134199,95,0.41125541125541126,103,0.4458874458874459,81,0.35064935064935066,376,0.4064864864864865,18.72872340425532,11.138297872340425,0.4924645390070922,0.4224290780141844,19052.80851063831,43866.329787234085,0.13476692303246882,0.3102813050817259
êíï,128,0.5470085470085471,57,0.24358974358974358,111,0.47435897435897434,85,0.36324786324786323,381,0.40705128205128205,19.514435695538058,9.490813648293964,0.4872219919878436,0.36916581079538974,14591.217847769049,52219.17060367458,0.10051747954181253,0.35973278362421435
êíñ,89,0.3803418803418803,58,0.24786324786324787,51,0.21794871794871795,119,0.5085470085470085,317,0.3386752136752137,19.902208201892744,12.8801261829653,0.49742653162875644,0.5165272253463175,10389.444794952673,50307.96845425858,0.10338887634420357,0.5006315960379601
êíó,80,0.5095541401273885,0,0.0,91,0.5796178343949044,73,0.46496815286624205,244,0.38791732909379967,21.68032786885246,6.229508196721311,0.5744535519125683,0.32684426229508196,5509.147540983607,26831.06557377049,0.09253472757631696,0.45066960450434174
êíò,96,0.4824120603015075,109,0.5477386934673367,50,0.25125628140703515,91,0.457286432160804,346,0.43358395989974935,15.907514450867051,10.757225433526012,0.40290579596937975,0.48786127167630056,12149.606936416185,35857.04046242774,0.10148691015750765,0.29951752867142023
êíô,133,0.35,30,0.07894736842105263,86,0.22631578947368422,171,0.45,420,0.27613412228796846,21.72142857142857,18.909523809523808,0.5453007518796993,0.4713032581453634,41326.56190476186,51014.407142857155,0.2342775618183779,0.2891973194039521
êíö,8,0.03773584905660377,104,0.49056603773584906,89,0.419811320754717,111,0.5235849056603774,312,0.36662749706227965,19.32051282051282,13.743589743589743,0.5089031339031339,0.5792540792540792,14177.487179487183,36359.94871794868,0.14564315396415992,0.37352018324651426
êíõ,97,0.46411483253588515,60,0.28708133971291866,46,0.22009569377990432,101,0.48325358851674644,304,0.36363636363636365,16.226973684210527,10.394736842105264,0.4115398293029872,0.4473684210526316,12408.63157894736,33431.33881578948,0.13426929946056265,0.3617483857317941
êíú,82,0.26885245901639343,81,0.26557377049180325,129,0.42295081967213116,166,0.5442622950819672,458,0.3751023751023751,21.430131004366814,14.034934497816593,0.5675036390101893,0.40734170305676853,42027.441048034874,53810.26419213984,0.20035583345109206,0.2565276415025449
êíù,153,0.3141683778234086,37,0.07597535934291581,170,0.3490759753593429,185,0.3798767967145791,545,0.2794871794871795,22.38348623853211,23.541284403669724,0.5627233220666344,0.4600262123197903,97345.32110091703,57122.85137614672,0.3277344368350039,0.19231664464656753
